Timestamp,PPS,Avg_Latency_ms,Mode,Workers
20:43:56,0.44,2.0936,PARALLEL,8
20:43:57,7.22,1.1389,PARALLEL,8
20:43:58,15.93,0.9825,PARALLEL,8
20:44:00,2.57,0.9268,PARALLEL,8
20:44:01,46.66,0.6501,PARALLEL,8
20:44:03,14.27,0.5849,PARALLEL,8
20:44:04,18.14,0.5970,PARALLEL,8
20:44:06,6.45,0.6041,PARALLEL,8
20:44:07,33.61,0.6282,PARALLEL,8
20:44:08,21.80,0.6525,PARALLEL,8
20:44:09,10.81,0.6379,PARALLEL,8
20:44:10,21.67,0.6644,PARALLEL,8
20:44:12,8.24,0.6593,PARALLEL,8
20:44:13,21.07,0.6492,PARALLEL,8
20:44:14,35.34,0.6593,PARALLEL,8
20:44:15,39.30,0.6514,PARALLEL,8
20:44:16,11.48,0.6593,PARALLEL,8
20:44:17,1.60,0.6570,PARALLEL,8
20:44:19,20.62,0.6482,PARALLEL,8
20:44:20,28.72,0.6346,PARALLEL,8
20:44:21,1.60,0.6328,PARALLEL,8
20:44:23,25.71,0.6247,PARALLEL,8
20:46:39,0.56,0.0000,SEQUENTIAL,8
20:46:40,34.40,0.4566,SEQUENTIAL,8
20:46:41,48.31,0.3387,SEQUENTIAL,8
20:46:43,16.29,0.3268,SEQUENTIAL,8
20:46:44,17.06,0.3859,SEQUENTIAL,8
20:46:45,6.14,0.3783,SEQUENTIAL,8
20:46:46,50.39,0.3805,SEQUENTIAL,8
20:46:48,12.99,0.4265,SEQUENTIAL,8
20:46:49,8.71,0.4300,SEQUENTIAL,8
20:46:50,27.94,0.4292,SEQUENTIAL,8
20:46:52,29.62,0.4280,SEQUENTIAL,8
20:46:53,88.84,0.4048,SEQUENTIAL,8
20:46:54,35.53,0.3936,SEQUENTIAL,8
20:46:55,19.23,0.4093,SEQUENTIAL,8
20:46:56,8.59,0.4109,SEQUENTIAL,8
20:46:58,7.53,0.4264,SEQUENTIAL,8
20:46:59,23.27,0.4360,SEQUENTIAL,8
20:47:01,46.79,0.4355,SEQUENTIAL,8
20:47:02,19.38,0.4361,SEQUENTIAL,8
20:47:03,18.08,0.4540,SEQUENTIAL,8
20:47:05,10.98,0.4580,SEQUENTIAL,8
20:47:06,35.70,0.4783,SEQUENTIAL,8
20:47:07,60.95,0.5016,SEQUENTIAL,8
20:47:08,3.88,0.5063,SEQUENTIAL,8
20:47:09,11.12,0.5167,SEQUENTIAL,8
20:47:10,13.40,0.5151,SEQUENTIAL,8
20:47:11,26.38,0.5202,SEQUENTIAL,8
20:47:13,7.75,0.5198,SEQUENTIAL,8
20:47:14,104.28,0.5245,SEQUENTIAL,8
20:47:15,39.65,0.5331,SEQUENTIAL,8
20:47:16,14.65,0.5342,SEQUENTIAL,8
20:47:19,13.84,0.5296,SEQUENTIAL,8
20:47:20,163.05,0.5177,SEQUENTIAL,8
20:47:21,327.51,0.4742,SEQUENTIAL,8
20:47:22,218.70,0.4533,SEQUENTIAL,8
20:47:23,207.80,0.4438,SEQUENTIAL,8
20:47:24,122.37,0.4374,SEQUENTIAL,8
20:47:25,188.91,0.4281,SEQUENTIAL,8
20:47:26,164.45,0.4277,SEQUENTIAL,8
20:47:34,0.40,1.0133,PARALLEL,8
20:47:35,38.70,0.7509,PARALLEL,8
20:47:37,31.47,0.8268,PARALLEL,8
20:47:38,15.86,0.8354,PARALLEL,8
20:47:39,5.50,1.0054,PARALLEL,8
20:47:40,18.80,0.9491,PARALLEL,8
20:47:42,30.49,0.8664,PARALLEL,8
20:47:43,9.81,0.8607,PARALLEL,8
20:47:45,3.97,0.8684,PARALLEL,8
20:47:46,9.50,0.8310,PARALLEL,8
20:47:47,22.51,0.7968,PARALLEL,8
20:47:48,10.65,0.7694,PARALLEL,8
20:47:50,13.05,0.7457,PARALLEL,8
20:47:51,39.87,0.7444,PARALLEL,8
20:53:31,0.44,0.0000,SEQUENTIAL,1
20:53:32,105.82,0.5186,SEQUENTIAL,1
20:53:34,123.07,0.3723,SEQUENTIAL,1
20:53:35,153.96,0.3460,SEQUENTIAL,1
20:53:36,193.50,0.3724,SEQUENTIAL,1
20:53:37,111.19,0.3899,SEQUENTIAL,1
20:53:38,228.45,0.3593,SEQUENTIAL,1
20:53:39,132.81,0.3626,SEQUENTIAL,1
20:53:40,149.43,0.3595,SEQUENTIAL,1
20:53:41,219.64,0.3492,SEQUENTIAL,1
20:53:42,164.94,0.3647,SEQUENTIAL,1
20:53:43,143.87,0.3675,SEQUENTIAL,1
20:53:44,170.93,0.3650,SEQUENTIAL,1
20:53:45,189.45,0.3815,SEQUENTIAL,1
20:53:46,143.24,0.3849,SEQUENTIAL,1
20:53:48,195.67,0.3909,SEQUENTIAL,1
20:53:49,256.25,0.3828,SEQUENTIAL,1
20:53:50,128.82,0.3903,SEQUENTIAL,1
20:53:51,154.70,0.3966,SEQUENTIAL,1
20:53:52,149.24,0.4011,SEQUENTIAL,1
20:53:53,280.44,0.4024,SEQUENTIAL,1
20:53:54,159.86,0.4040,SEQUENTIAL,1
20:53:55,118.21,0.4102,SEQUENTIAL,1
20:53:56,197.57,0.4161,SEQUENTIAL,1
20:53:57,226.48,0.4141,SEQUENTIAL,1
20:53:58,222.65,0.4108,SEQUENTIAL,1
20:53:59,133.93,0.4156,SEQUENTIAL,1
20:54:00,150.66,0.4162,SEQUENTIAL,1
20:54:01,116.96,0.4184,SEQUENTIAL,1
20:54:23,0.30,2.8124,PARALLEL,8
20:54:25,101.66,0.7065,PARALLEL,8
20:54:26,116.82,0.7953,PARALLEL,8
20:54:27,155.98,0.7725,PARALLEL,8
20:54:28,183.94,0.6853,PARALLEL,8
20:54:29,194.07,0.5710,PARALLEL,8
20:54:30,102.57,0.6216,PARALLEL,8
20:54:31,183.78,0.6056,PARALLEL,8
20:54:32,158.75,0.5965,PARALLEL,8
20:54:33,177.87,0.5841,PARALLEL,8
20:54:34,342.41,0.5559,PARALLEL,8
20:54:35,162.13,0.5614,PARALLEL,8
20:54:36,199.77,0.5595,PARALLEL,8
20:54:37,160.27,0.5669,PARALLEL,8
20:54:38,136.17,0.5626,PARALLEL,8
20:54:40,223.16,0.5645,PARALLEL,8
20:54:41,74.82,0.5773,PARALLEL,8
20:54:42,149.79,0.5706,PARALLEL,8
20:54:43,185.86,0.5614,PARALLEL,8
20:54:44,241.25,0.5463,PARALLEL,8
20:54:45,174.15,0.5405,PARALLEL,8
20:54:46,171.89,0.5327,PARALLEL,8
20:58:43,0.42,2.0509,PARALLEL,8
20:58:45,11.38,0.5454,PARALLEL,8
20:58:46,22.77,0.7531,PARALLEL,8
20:58:48,8.25,0.7251,PARALLEL,8
20:58:49,87.95,0.5364,PARALLEL,8
20:58:50,236.40,0.3752,PARALLEL,8
20:58:51,15.36,0.3769,PARALLEL,8
20:58:53,18.72,0.3834,PARALLEL,8
20:58:54,6.55,0.3763,PARALLEL,8
20:58:55,69.09,0.3619,PARALLEL,8
20:58:57,18.73,0.3681,PARALLEL,8
20:58:58,32.80,0.3888,PARALLEL,8
20:58:59,19.91,0.3969,PARALLEL,8
20:59:01,5.42,0.4036,PARALLEL,8
20:59:03,17.55,0.4223,PARALLEL,8
20:59:04,11.00,0.4275,PARALLEL,8
20:59:06,14.06,0.4387,PARALLEL,8
20:59:07,38.83,0.4700,PARALLEL,8
20:59:09,4.03,0.4743,PARALLEL,8
20:59:10,14.37,0.4690,PARALLEL,8
20:59:11,18.39,0.4749,PARALLEL,8
20:59:12,13.96,0.4762,PARALLEL,8
20:59:14,31.00,0.4882,PARALLEL,8
20:59:15,8.80,0.4927,PARALLEL,8
20:59:16,4.63,0.4959,PARALLEL,8
20:59:18,10.51,0.4988,PARALLEL,8
20:59:19,8.41,0.5014,PARALLEL,8
20:59:20,24.66,0.5085,PARALLEL,8
20:59:22,11.16,0.5133,PARALLEL,8
20:59:23,14.69,0.5181,PARALLEL,8
20:59:24,11.55,0.5200,PARALLEL,8
20:59:26,7.32,0.5225,PARALLEL,8
20:59:27,2.80,0.5257,PARALLEL,8
21:01:18,0.40,1.8904,PARALLEL,8
21:01:19,26.39,0.5757,PARALLEL,8
21:01:20,30.30,0.5115,PARALLEL,8
21:01:22,13.05,0.4499,PARALLEL,8
21:01:23,43.85,0.3948,PARALLEL,8
21:01:24,29.51,0.3701,PARALLEL,8
21:01:25,16.20,0.3959,PARALLEL,8
21:01:26,23.71,0.3744,PARALLEL,8
21:01:27,4.85,0.3707,PARALLEL,8
21:01:28,324.96,0.3660,PARALLEL,8
21:01:29,544.93,0.3548,PARALLEL,8
21:01:30,569.60,0.3466,PARALLEL,8
21:01:32,87.73,0.3501,PARALLEL,8
21:01:33,25.20,0.3505,PARALLEL,8
21:01:34,4.92,0.3500,PARALLEL,8
21:01:35,31.85,0.3588,PARALLEL,8
21:01:36,52.84,0.3657,PARALLEL,8
21:01:37,37.28,0.3674,PARALLEL,8
21:01:38,28.68,0.3669,PARALLEL,8
21:01:40,28.35,0.3689,PARALLEL,8
21:01:41,17.71,0.3679,PARALLEL,8
21:01:42,21.91,0.3679,PARALLEL,8
21:01:43,51.01,0.3719,PARALLEL,8
21:01:44,55.22,0.3734,PARALLEL,8
21:01:45,39.12,0.3761,PARALLEL,8
21:01:46,87.94,0.3798,PARALLEL,8
21:02:04,0.33,2.4431,SEQUENTIAL,1
21:02:05,14.50,0.3894,SEQUENTIAL,1
21:02:06,37.28,0.4396,SEQUENTIAL,1
21:02:07,67.92,0.4853,SEQUENTIAL,1
21:02:08,104.62,0.4133,SEQUENTIAL,1
21:02:09,15.17,0.4094,SEQUENTIAL,1
21:02:10,109.02,0.3953,SEQUENTIAL,1
21:02:13,16.35,0.3936,SEQUENTIAL,1
21:02:14,52.01,0.4024,SEQUENTIAL,1
21:02:15,10.29,0.4126,SEQUENTIAL,1
21:02:16,21.36,0.4365,SEQUENTIAL,1
21:02:18,10.49,0.4367,SEQUENTIAL,1
21:02:19,12.84,0.4492,SEQUENTIAL,1
21:02:20,40.53,0.4544,SEQUENTIAL,1
21:02:21,27.47,0.4716,SEQUENTIAL,1
21:02:22,7.92,0.4778,SEQUENTIAL,1
21:02:24,18.39,0.4735,SEQUENTIAL,1
21:36:58,0.40,0.0000,SEQUENTIAL,1
21:37:00,3.74,0.2383,SEQUENTIAL,1
21:37:01,6.18,0.1562,SEQUENTIAL,1
21:37:03,16.25,0.4913,SEQUENTIAL,1
21:37:04,11.25,0.5121,SEQUENTIAL,1
21:37:06,10.05,0.4860,SEQUENTIAL,1
21:37:07,37.45,0.5289,SEQUENTIAL,1
21:37:09,12.14,0.5329,SEQUENTIAL,1
21:37:10,0.70,0.5293,SEQUENTIAL,1
21:37:11,30.50,0.4568,SEQUENTIAL,1
21:37:12,30.08,0.3981,SEQUENTIAL,1
21:37:14,25.60,0.4214,SEQUENTIAL,1
21:37:15,5.03,0.4164,SEQUENTIAL,1
21:37:16,55.81,0.4546,SEQUENTIAL,1
21:37:17,26.79,0.4538,SEQUENTIAL,1
21:37:19,25.25,0.4678,SEQUENTIAL,1
21:37:20,39.00,0.4939,SEQUENTIAL,1
21:37:21,24.37,0.5361,SEQUENTIAL,1
21:37:22,10.38,0.5584,SEQUENTIAL,1
21:37:23,26.45,0.5599,SEQUENTIAL,1
21:40:16,0.45,0.0000,SEQUENTIAL,1
21:40:17,22.95,0.6505,SEQUENTIAL,1
21:40:19,5.62,0.7183,SEQUENTIAL,1
21:40:20,2.95,0.7003,SEQUENTIAL,1
21:40:22,14.46,0.8238,SEQUENTIAL,1
21:40:23,39.19,0.6054,SEQUENTIAL,1
21:40:24,102.93,0.5636,SEQUENTIAL,1
21:40:26,5.64,0.5513,SEQUENTIAL,1
21:40:27,5.21,0.5480,SEQUENTIAL,1
21:40:28,3.26,0.5402,SEQUENTIAL,1
21:40:29,29.04,0.5586,SEQUENTIAL,1
21:40:31,172.29,0.4737,SEQUENTIAL,1
21:40:32,50.48,0.4701,SEQUENTIAL,1
21:40:33,46.77,0.4751,SEQUENTIAL,1
21:40:34,18.47,0.4730,SEQUENTIAL,1
21:40:35,83.30,0.4643,SEQUENTIAL,1
21:40:37,71.99,0.4432,SEQUENTIAL,1
21:40:38,58.96,0.4385,SEQUENTIAL,1
21:40:39,29.65,0.4490,SEQUENTIAL,1
21:40:40,13.29,0.4450,SEQUENTIAL,1
21:40:41,79.81,0.4396,SEQUENTIAL,1
21:40:42,36.96,0.4349,SEQUENTIAL,1
21:40:44,10.88,0.4305,SEQUENTIAL,1
21:40:45,59.05,0.4363,SEQUENTIAL,1
21:40:46,26.12,0.4322,SEQUENTIAL,1
21:40:47,89.45,0.4188,SEQUENTIAL,1
21:40:49,11.53,0.4216,SEQUENTIAL,1
21:40:50,34.08,0.4292,SEQUENTIAL,1
21:40:51,29.18,0.4292,SEQUENTIAL,1
21:40:53,6.38,0.4313,SEQUENTIAL,1
21:40:54,18.43,0.4272,SEQUENTIAL,1
21:40:55,8.23,0.4306,SEQUENTIAL,1
21:40:56,2.52,0.4326,SEQUENTIAL,1
21:40:57,55.04,0.4410,SEQUENTIAL,1
21:40:59,16.77,0.4455,SEQUENTIAL,1
21:41:00,7.96,0.4462,SEQUENTIAL,1
21:41:01,16.87,0.4473,SEQUENTIAL,1
21:41:03,54.31,0.4496,SEQUENTIAL,1
21:41:04,15.83,0.4532,SEQUENTIAL,1
21:41:05,19.69,0.4551,SEQUENTIAL,1
21:41:06,53.18,0.4701,SEQUENTIAL,1
21:41:08,14.74,0.4703,SEQUENTIAL,1
21:41:09,36.86,0.4719,SEQUENTIAL,1
21:41:10,8.00,0.4709,SEQUENTIAL,1
21:41:11,19.82,0.4719,SEQUENTIAL,1
21:41:12,27.89,0.4753,SEQUENTIAL,1
21:41:13,14.00,0.4730,SEQUENTIAL,1
21:41:14,4.89,0.4734,SEQUENTIAL,1
21:41:16,2.72,0.4729,SEQUENTIAL,1
21:41:17,22.88,0.4746,SEQUENTIAL,1
21:41:18,14.08,0.4720,SEQUENTIAL,1
21:41:19,14.39,0.4710,SEQUENTIAL,1
21:41:20,8.91,0.4735,SEQUENTIAL,1
21:41:22,9.69,0.4750,SEQUENTIAL,1
21:41:23,17.55,0.4772,SEQUENTIAL,1
21:41:24,26.40,0.4785,SEQUENTIAL,1
21:41:25,17.60,0.4784,SEQUENTIAL,1
21:41:26,7.83,0.4764,SEQUENTIAL,1
21:41:27,3.03,0.4765,SEQUENTIAL,1
21:41:29,6.46,0.4776,SEQUENTIAL,1
21:41:31,15.91,0.4785,SEQUENTIAL,1
21:41:32,17.56,0.4812,SEQUENTIAL,1
21:41:34,4.48,0.4834,SEQUENTIAL,1
21:41:35,21.26,0.4846,SEQUENTIAL,1
21:41:36,39.60,0.4877,SEQUENTIAL,1
21:41:38,20.03,0.4892,SEQUENTIAL,1
21:41:39,24.23,0.4908,SEQUENTIAL,1
21:41:40,8.35,0.4915,SEQUENTIAL,1
21:41:43,3.86,0.4933,SEQUENTIAL,1
21:41:44,15.70,0.4957,SEQUENTIAL,1
21:41:45,30.92,0.4957,SEQUENTIAL,1
21:41:47,14.05,0.4943,SEQUENTIAL,1
21:41:48,8.56,0.4921,SEQUENTIAL,1
21:41:49,15.45,0.4938,SEQUENTIAL,1
21:41:51,9.80,0.4935,SEQUENTIAL,1
21:41:53,9.90,0.4939,SEQUENTIAL,1
21:41:54,10.25,0.4943,SEQUENTIAL,1
21:41:57,1.13,0.4946,SEQUENTIAL,1
21:41:58,15.72,0.4946,SEQUENTIAL,1
21:41:59,20.91,0.4946,SEQUENTIAL,1
21:42:01,3.57,0.4939,SEQUENTIAL,1
21:42:02,22.00,0.4937,SEQUENTIAL,1
21:42:03,29.25,0.4926,SEQUENTIAL,1
21:42:04,33.72,0.4897,SEQUENTIAL,1
21:42:06,4.40,0.4899,SEQUENTIAL,1
21:42:07,48.00,0.4998,SEQUENTIAL,1
21:42:08,6.84,0.5027,SEQUENTIAL,1
21:42:09,14.66,0.5032,SEQUENTIAL,1
21:42:11,4.16,0.5019,SEQUENTIAL,1
21:42:13,3.39,0.5014,SEQUENTIAL,1
21:42:14,13.69,0.5015,SEQUENTIAL,1
21:42:15,19.52,0.5006,SEQUENTIAL,1
21:42:16,7.34,0.5004,SEQUENTIAL,1
21:42:17,1.84,0.5003,SEQUENTIAL,1
21:42:18,2.83,0.4998,SEQUENTIAL,1
21:42:20,10.48,0.5001,SEQUENTIAL,1
21:42:21,2.49,0.4996,SEQUENTIAL,1
21:42:23,9.56,0.4998,SEQUENTIAL,1
21:42:24,5.82,0.4992,SEQUENTIAL,1
21:42:28,4.69,0.5018,SEQUENTIAL,1
21:42:29,9.53,0.5014,SEQUENTIAL,1
21:42:31,20.93,0.5004,SEQUENTIAL,1
21:42:32,6.28,0.5018,SEQUENTIAL,1
21:42:33,7.06,0.5019,SEQUENTIAL,1
21:42:34,3.80,0.5042,SEQUENTIAL,1
21:42:35,42.95,0.5086,SEQUENTIAL,1
21:42:36,53.67,0.5103,SEQUENTIAL,1
21:42:38,15.96,0.5069,SEQUENTIAL,1
21:42:39,9.25,0.5060,SEQUENTIAL,1
21:42:41,1.70,0.5053,SEQUENTIAL,1
21:42:42,10.73,0.5043,SEQUENTIAL,1
21:42:44,39.38,0.5012,SEQUENTIAL,1
21:42:45,72.98,0.4967,SEQUENTIAL,1
21:42:46,3.41,0.4958,SEQUENTIAL,1
21:42:48,1.24,0.4960,SEQUENTIAL,1
21:42:49,9.77,0.4956,SEQUENTIAL,1
21:42:50,70.15,0.4963,SEQUENTIAL,1
21:42:51,51.08,0.5003,SEQUENTIAL,1
21:42:53,2.83,0.5011,SEQUENTIAL,1
21:42:56,6.49,0.5042,SEQUENTIAL,1
21:42:57,20.63,0.5055,SEQUENTIAL,1
21:42:58,2.13,0.5050,SEQUENTIAL,1
21:43:00,3.04,0.5068,SEQUENTIAL,1
21:43:01,4.41,0.5063,SEQUENTIAL,1
21:43:02,2.65,0.5062,SEQUENTIAL,1
21:43:04,29.69,0.5099,SEQUENTIAL,1
21:43:05,13.45,0.5084,SEQUENTIAL,1
21:43:07,17.65,0.5109,SEQUENTIAL,1
21:43:09,8.85,0.5106,SEQUENTIAL,1
21:43:10,14.35,0.5131,SEQUENTIAL,1
21:43:11,2.25,0.5152,SEQUENTIAL,1
21:43:12,3.54,0.5150,SEQUENTIAL,1
21:43:13,7.99,0.5157,SEQUENTIAL,1
21:43:14,9.87,0.5180,SEQUENTIAL,1
21:43:15,13.19,0.5190,SEQUENTIAL,1
21:43:19,4.57,0.5198,SEQUENTIAL,1
21:43:22,2.11,0.5193,SEQUENTIAL,1
21:43:23,43.27,0.5187,SEQUENTIAL,1
21:43:24,12.96,0.5195,SEQUENTIAL,1
21:43:26,4.47,0.5198,SEQUENTIAL,1
21:43:27,5.88,0.5192,SEQUENTIAL,1
21:43:28,0.58,0.5191,SEQUENTIAL,1
21:43:30,0.78,0.5189,SEQUENTIAL,1
21:43:34,4.22,0.5200,SEQUENTIAL,1
21:43:35,27.69,0.5210,SEQUENTIAL,1
21:43:36,58.06,0.5218,SEQUENTIAL,1
21:43:37,59.12,0.5205,SEQUENTIAL,1
21:43:39,452.21,0.4849,SEQUENTIAL,1
21:43:40,9.74,0.4853,SEQUENTIAL,1
21:43:41,69.83,0.4854,SEQUENTIAL,1
21:43:42,47.47,0.4861,SEQUENTIAL,1
21:43:43,10.63,0.4866,SEQUENTIAL,1
21:43:44,2.82,0.4876,SEQUENTIAL,1
21:43:45,52.03,0.4882,SEQUENTIAL,1
21:43:46,21.42,0.4884,SEQUENTIAL,1
21:43:48,290.36,0.4619,SEQUENTIAL,1
21:43:49,8.61,0.4616,SEQUENTIAL,1
21:43:50,17.51,0.4615,SEQUENTIAL,1
21:43:51,60.73,0.4603,SEQUENTIAL,1
21:43:52,66.94,0.4575,SEQUENTIAL,1
21:43:54,345.32,0.4402,SEQUENTIAL,1
21:43:55,8.19,0.4403,SEQUENTIAL,1
21:43:56,93.40,0.4406,SEQUENTIAL,1
21:43:57,591.97,0.4154,SEQUENTIAL,1
21:43:58,3.78,0.4160,SEQUENTIAL,1
21:44:01,4.90,0.4160,SEQUENTIAL,1
21:44:02,6.58,0.4159,SEQUENTIAL,1
21:44:03,468.46,0.4052,SEQUENTIAL,1
21:44:04,152.90,0.4020,SEQUENTIAL,1
21:44:05,8.19,0.4018,SEQUENTIAL,1
21:44:06,42.63,0.4053,SEQUENTIAL,1
21:44:08,17.51,0.4049,SEQUENTIAL,1
21:44:09,23.54,0.4049,SEQUENTIAL,1
21:44:10,9.62,0.4046,SEQUENTIAL,1
21:44:13,0.37,0.4046,SEQUENTIAL,1
21:44:14,40.74,0.4051,SEQUENTIAL,1
21:44:15,26.60,0.4074,SEQUENTIAL,1
21:44:16,7.88,0.4074,SEQUENTIAL,1
21:44:17,250.90,0.4027,SEQUENTIAL,1
21:44:18,420.25,0.3926,SEQUENTIAL,1
21:44:19,145.70,0.3887,SEQUENTIAL,1
21:44:20,2.70,0.3886,SEQUENTIAL,1
21:44:22,25.09,0.3892,SEQUENTIAL,1
21:44:23,46.53,0.3906,SEQUENTIAL,1
21:44:24,48.96,0.3903,SEQUENTIAL,1
21:44:25,478.41,0.3828,SEQUENTIAL,1
21:44:26,555.07,0.3717,SEQUENTIAL,1
21:44:27,337.82,0.3647,SEQUENTIAL,1
21:44:28,241.09,0.3650,SEQUENTIAL,1
21:44:29,18.59,0.3653,SEQUENTIAL,1
21:44:30,4.56,0.3658,SEQUENTIAL,1
21:44:33,8.24,0.3659,SEQUENTIAL,1
21:44:34,16.99,0.3661,SEQUENTIAL,1
21:44:35,68.51,0.3667,SEQUENTIAL,1
21:44:36,44.63,0.3682,SEQUENTIAL,1
21:44:38,12.82,0.3687,SEQUENTIAL,1
21:44:40,4.63,0.3694,SEQUENTIAL,1
21:44:41,79.72,0.3698,SEQUENTIAL,1
21:44:46,4.36,0.3702,SEQUENTIAL,1
21:44:47,8.19,0.3705,SEQUENTIAL,1
21:44:49,5.66,0.3705,SEQUENTIAL,1
21:44:50,13.34,0.3708,SEQUENTIAL,1
21:44:51,14.99,0.3715,SEQUENTIAL,1
21:44:52,43.00,0.3741,SEQUENTIAL,1
21:44:53,19.11,0.3756,SEQUENTIAL,1
21:44:55,9.70,0.3761,SEQUENTIAL,1
21:44:56,34.50,0.3776,SEQUENTIAL,1
21:44:57,1.25,0.3778,SEQUENTIAL,1
23:04:30,0.84,1.2362,SEQUENTIAL,1
23:04:31,6.33,0.1374,SEQUENTIAL,1
23:04:32,129.13,0.1712,SEQUENTIAL,1
23:04:34,180.25,0.2056,SEQUENTIAL,1
23:04:35,79.10,0.1991,SEQUENTIAL,1
23:04:36,53.93,0.2073,SEQUENTIAL,1
23:04:38,2.30,0.2050,SEQUENTIAL,1
23:04:40,34.84,0.1997,SEQUENTIAL,1
23:04:41,7.40,0.1958,SEQUENTIAL,1
23:04:42,9.96,0.1929,SEQUENTIAL,1
23:04:44,11.47,0.1909,SEQUENTIAL,1
23:04:45,13.77,0.1887,SEQUENTIAL,1
23:04:46,51.84,0.1768,SEQUENTIAL,1
23:04:47,21.06,0.1722,SEQUENTIAL,1
23:04:48,23.14,0.1662,SEQUENTIAL,1
23:04:49,14.75,0.1657,SEQUENTIAL,1
23:04:51,2.42,0.1661,SEQUENTIAL,1
23:04:52,2.76,0.1654,SEQUENTIAL,1
23:04:55,8.36,0.1686,SEQUENTIAL,1
23:04:56,12.45,0.1678,SEQUENTIAL,1
23:04:58,2.69,0.1666,SEQUENTIAL,1
23:05:00,21.21,0.1665,SEQUENTIAL,1
23:05:01,143.09,0.1593,SEQUENTIAL,1
23:05:02,161.88,0.1573,SEQUENTIAL,1
23:05:03,47.11,0.1559,SEQUENTIAL,1
23:05:04,300.69,0.1514,SEQUENTIAL,1
23:05:05,81.93,0.1605,SEQUENTIAL,1
23:05:07,27.32,0.1620,SEQUENTIAL,1
23:05:09,23.69,0.1657,SEQUENTIAL,1
23:05:11,19.55,0.1658,SEQUENTIAL,1
23:05:12,19.11,0.1678,SEQUENTIAL,1
23:05:14,9.52,0.1665,SEQUENTIAL,1
23:05:15,33.39,0.1664,SEQUENTIAL,1
23:05:16,16.07,0.1656,SEQUENTIAL,1
23:05:17,7.58,0.1649,SEQUENTIAL,1
23:05:18,24.53,0.1684,SEQUENTIAL,1
23:05:19,8.37,0.1682,SEQUENTIAL,1
23:05:20,170.88,0.1744,SEQUENTIAL,1
23:05:22,359.75,0.1870,SEQUENTIAL,1
23:05:23,171.46,0.1820,SEQUENTIAL,1
23:05:24,11.56,0.1812,SEQUENTIAL,1
23:05:26,6.38,0.1814,SEQUENTIAL,1
23:05:27,34.09,0.1807,SEQUENTIAL,1
23:05:28,11.69,0.1807,SEQUENTIAL,1
23:05:30,3.43,0.1807,SEQUENTIAL,1
23:05:31,27.05,0.1816,SEQUENTIAL,1
23:05:32,11.20,0.1814,SEQUENTIAL,1
23:05:34,26.91,0.1823,SEQUENTIAL,1
23:05:35,53.04,0.1810,SEQUENTIAL,1
23:05:36,92.70,0.1796,SEQUENTIAL,1
23:05:37,36.34,0.1795,SEQUENTIAL,1
23:05:38,13.67,0.1797,SEQUENTIAL,1
23:05:39,9.04,0.1793,SEQUENTIAL,1
23:05:41,31.55,0.1795,SEQUENTIAL,1
23:05:42,2.87,0.1793,SEQUENTIAL,1
23:05:43,7.86,0.1796,SEQUENTIAL,1
23:05:44,14.14,0.1797,SEQUENTIAL,1
23:05:45,10.54,0.1837,SEQUENTIAL,1
23:05:46,23.79,0.1876,SEQUENTIAL,1
23:05:48,25.47,0.1867,SEQUENTIAL,1
23:05:49,8.12,0.1874,SEQUENTIAL,1
23:05:50,6.91,0.1890,SEQUENTIAL,1
23:05:51,26.75,0.1889,SEQUENTIAL,1
23:05:53,2.87,0.1890,SEQUENTIAL,1
23:05:54,11.81,0.1914,SEQUENTIAL,1
23:05:55,20.23,0.1925,SEQUENTIAL,1
23:05:56,16.12,0.1922,SEQUENTIAL,1
23:05:58,13.26,0.1921,SEQUENTIAL,1
23:05:59,1.36,0.1919,SEQUENTIAL,1
23:06:01,13.89,0.1919,SEQUENTIAL,1
23:06:02,36.67,0.1903,SEQUENTIAL,1
23:06:03,15.86,0.1896,SEQUENTIAL,1
23:06:04,9.87,0.1894,SEQUENTIAL,1
23:06:05,46.86,0.1893,SEQUENTIAL,1
23:06:06,60.79,0.1867,SEQUENTIAL,1
23:06:08,15.43,0.1869,SEQUENTIAL,1
23:06:09,14.20,0.1868,SEQUENTIAL,1
23:06:10,20.91,0.1860,SEQUENTIAL,1
23:06:11,19.49,0.1857,SEQUENTIAL,1
23:06:12,27.35,0.1876,SEQUENTIAL,1
23:06:14,11.36,0.1897,SEQUENTIAL,1
23:06:16,17.60,0.1908,SEQUENTIAL,1
23:06:17,14.58,0.1904,SEQUENTIAL,1
23:06:19,11.08,0.1901,SEQUENTIAL,1
23:06:21,3.97,0.1903,SEQUENTIAL,1
23:06:22,32.10,0.1894,SEQUENTIAL,1
23:06:23,20.18,0.1896,SEQUENTIAL,1
23:06:24,5.85,0.1895,SEQUENTIAL,1
23:06:27,18.16,0.1911,SEQUENTIAL,1
23:06:28,22.10,0.1914,SEQUENTIAL,1
23:06:29,3.78,0.1915,SEQUENTIAL,1
23:06:30,8.12,0.1911,SEQUENTIAL,1
23:06:32,4.05,0.1914,SEQUENTIAL,1
23:06:33,52.57,0.1935,SEQUENTIAL,1
23:06:34,5.63,0.1935,SEQUENTIAL,1
23:06:35,69.49,0.1947,SEQUENTIAL,1
23:06:36,43.52,0.1941,SEQUENTIAL,1
23:06:37,7.04,0.1942,SEQUENTIAL,1
23:06:39,13.34,0.1941,SEQUENTIAL,1
23:06:40,12.18,0.1938,SEQUENTIAL,1
23:06:41,28.82,0.1932,SEQUENTIAL,1
23:06:43,9.55,0.1939,SEQUENTIAL,1
23:06:44,16.33,0.1940,SEQUENTIAL,1
23:06:45,25.22,0.1942,SEQUENTIAL,1
23:06:47,2.98,0.1940,SEQUENTIAL,1
23:06:48,13.11,0.1937,SEQUENTIAL,1
23:06:49,12.67,0.1935,SEQUENTIAL,1
23:06:51,7.69,0.1939,SEQUENTIAL,1
23:06:52,8.84,0.1937,SEQUENTIAL,1
23:06:53,16.02,0.1937,SEQUENTIAL,1
23:06:55,19.25,0.1946,SEQUENTIAL,1
23:06:57,1.74,0.1944,SEQUENTIAL,1
23:06:58,24.98,0.1958,SEQUENTIAL,1
23:06:59,1.63,0.1957,SEQUENTIAL,1
23:07:00,3.88,0.1961,SEQUENTIAL,1
23:07:01,7.78,0.1960,SEQUENTIAL,1
23:07:03,30.87,0.1961,SEQUENTIAL,1
23:07:04,29.42,0.1958,SEQUENTIAL,1
23:07:05,7.05,0.1955,SEQUENTIAL,1
23:07:07,24.72,0.1955,SEQUENTIAL,1
23:07:10,18.35,0.1956,SEQUENTIAL,1
23:07:13,7.18,0.1953,SEQUENTIAL,1
23:07:14,17.76,0.1945,SEQUENTIAL,1
23:07:15,3.35,0.1943,SEQUENTIAL,1
23:07:17,10.98,0.1944,SEQUENTIAL,1
23:07:18,8.84,0.1944,SEQUENTIAL,1
23:07:19,27.02,0.1943,SEQUENTIAL,1
23:07:20,28.20,0.1972,SEQUENTIAL,1
23:07:22,5.77,0.1969,SEQUENTIAL,1
23:07:23,37.72,0.1977,SEQUENTIAL,1
23:07:25,4.36,0.1975,SEQUENTIAL,1
23:07:28,7.00,0.1971,SEQUENTIAL,1
23:07:29,24.29,0.1970,SEQUENTIAL,1
23:07:30,8.29,0.1968,SEQUENTIAL,1
23:07:32,8.10,0.1964,SEQUENTIAL,1
23:07:33,32.04,0.1966,SEQUENTIAL,1
23:07:34,35.64,0.1962,SEQUENTIAL,1
23:07:35,38.01,0.1958,SEQUENTIAL,1
23:07:36,66.59,0.1960,SEQUENTIAL,1
23:07:38,1.94,0.1959,SEQUENTIAL,1
23:07:39,9.85,0.1961,SEQUENTIAL,1
23:07:41,19.53,0.1951,SEQUENTIAL,1
23:07:42,49.69,0.1949,SEQUENTIAL,1
23:07:43,7.75,0.1955,SEQUENTIAL,1
23:07:45,77.23,0.1944,SEQUENTIAL,1
23:07:46,5.68,0.1945,SEQUENTIAL,1
23:07:47,21.66,0.1944,SEQUENTIAL,1
23:07:48,58.88,0.1950,SEQUENTIAL,1
23:07:49,25.63,0.1952,SEQUENTIAL,1
23:07:51,16.59,0.1948,SEQUENTIAL,1
23:07:52,17.28,0.1953,SEQUENTIAL,1
23:07:53,7.23,0.1954,SEQUENTIAL,1
23:07:54,29.85,0.1946,SEQUENTIAL,1
23:07:56,6.30,0.1944,SEQUENTIAL,1
23:07:57,2.95,0.1944,SEQUENTIAL,1
23:07:58,4.90,0.1946,SEQUENTIAL,1
23:07:59,40.68,0.1959,SEQUENTIAL,1
23:08:00,23.15,0.1970,SEQUENTIAL,1
23:08:02,2.66,0.1969,SEQUENTIAL,1
23:08:03,10.97,0.1965,SEQUENTIAL,1
23:08:04,6.96,0.1962,SEQUENTIAL,1
23:08:05,28.62,0.1958,SEQUENTIAL,1
23:08:07,51.68,0.1952,SEQUENTIAL,1
23:08:08,651.82,0.1926,SEQUENTIAL,1
23:08:09,905.10,0.1857,SEQUENTIAL,1
23:08:10,936.90,0.1827,SEQUENTIAL,1
23:08:11,235.32,0.1796,SEQUENTIAL,1
23:08:12,40.72,0.1795,SEQUENTIAL,1
23:08:13,32.16,0.1794,SEQUENTIAL,1
23:08:14,33.31,0.1796,SEQUENTIAL,1
23:08:15,26.09,0.1796,SEQUENTIAL,1
23:08:17,9.20,0.1796,SEQUENTIAL,1
23:08:18,22.22,0.1797,SEQUENTIAL,1
23:08:19,15.68,0.1794,SEQUENTIAL,1
23:08:20,26.85,0.1792,SEQUENTIAL,1
23:08:22,3.78,0.1791,SEQUENTIAL,1
23:08:23,4.15,0.1791,SEQUENTIAL,1
23:08:24,17.82,0.1790,SEQUENTIAL,1
23:08:25,19.88,0.1791,SEQUENTIAL,1
23:08:26,10.29,0.1790,SEQUENTIAL,1
23:08:28,2.80,0.1789,SEQUENTIAL,1
23:08:29,9.06,0.1789,SEQUENTIAL,1
23:08:30,3.97,0.1789,SEQUENTIAL,1
23:08:31,11.28,0.1786,SEQUENTIAL,1
23:08:32,15.71,0.1783,SEQUENTIAL,1
23:08:34,13.89,0.1786,SEQUENTIAL,1
23:08:35,24.90,0.1784,SEQUENTIAL,1
23:08:37,34.51,0.1787,SEQUENTIAL,1
23:08:38,10.46,0.1790,SEQUENTIAL,1
23:08:39,14.84,0.1793,SEQUENTIAL,1
23:08:40,904.55,0.1784,SEQUENTIAL,1
23:08:41,276.72,0.1764,SEQUENTIAL,1
23:08:42,140.72,0.1763,SEQUENTIAL,1
23:08:43,22.07,0.1765,SEQUENTIAL,1
23:08:45,32.48,0.1770,SEQUENTIAL,1
23:08:46,16.64,0.1769,SEQUENTIAL,1
23:08:48,9.71,0.1770,SEQUENTIAL,1
23:08:49,19.46,0.1774,SEQUENTIAL,1
23:08:50,41.55,0.1771,SEQUENTIAL,1
23:08:51,23.17,0.1773,SEQUENTIAL,1
23:08:52,27.20,0.1773,SEQUENTIAL,1
23:08:56,4.87,0.1772,SEQUENTIAL,1
23:08:57,8.34,0.1771,SEQUENTIAL,1
23:08:58,4.56,0.1770,SEQUENTIAL,1
23:09:00,17.61,0.1779,SEQUENTIAL,1
23:09:01,5.92,0.1779,SEQUENTIAL,1
23:09:02,54.62,0.1773,SEQUENTIAL,1
23:09:03,40.06,0.1775,SEQUENTIAL,1
23:09:04,7.00,0.1774,SEQUENTIAL,1
23:09:05,331.65,0.1769,SEQUENTIAL,1
23:09:06,145.36,0.1765,SEQUENTIAL,1
23:09:07,129.40,0.1762,SEQUENTIAL,1
23:09:09,16.79,0.1760,SEQUENTIAL,1
23:09:11,4.84,0.1762,SEQUENTIAL,1
23:09:12,18.92,0.1766,SEQUENTIAL,1
23:09:13,13.58,0.1766,SEQUENTIAL,1
23:09:14,14.64,0.1771,SEQUENTIAL,1
23:09:16,1.44,0.1770,SEQUENTIAL,1
23:09:17,8.67,0.1769,SEQUENTIAL,1
23:09:19,23.73,0.1767,SEQUENTIAL,1
23:09:20,33.48,0.1766,SEQUENTIAL,1
23:09:21,32.37,0.1765,SEQUENTIAL,1
23:09:23,10.60,0.1767,SEQUENTIAL,1
23:09:24,41.94,0.1765,SEQUENTIAL,1
23:09:25,20.91,0.1764,SEQUENTIAL,1
23:09:26,13.65,0.1768,SEQUENTIAL,1
23:09:27,37.87,0.1766,SEQUENTIAL,1
23:09:28,6.73,0.1765,SEQUENTIAL,1
23:09:29,5.99,0.1764,SEQUENTIAL,1
23:09:31,12.59,0.1766,SEQUENTIAL,1
23:09:32,4.31,0.1765,SEQUENTIAL,1
23:09:33,28.28,0.1766,SEQUENTIAL,1
23:09:34,67.58,0.1767,SEQUENTIAL,1
23:09:35,41.70,0.1766,SEQUENTIAL,1
23:09:36,43.89,0.1767,SEQUENTIAL,1
23:09:37,16.12,0.1765,SEQUENTIAL,1
23:09:38,19.88,0.1763,SEQUENTIAL,1
23:09:40,23.32,0.1761,SEQUENTIAL,1
23:09:41,11.98,0.1762,SEQUENTIAL,1
23:09:42,15.95,0.1764,SEQUENTIAL,1
23:09:43,16.70,0.1765,SEQUENTIAL,1
23:09:44,21.99,0.1769,SEQUENTIAL,1
23:09:45,27.78,0.1772,SEQUENTIAL,1
23:09:46,15.82,0.1775,SEQUENTIAL,1
23:09:47,28.91,0.1777,SEQUENTIAL,1
23:09:49,3.34,0.1776,SEQUENTIAL,1
23:09:50,7.18,0.1776,SEQUENTIAL,1
23:09:52,27.87,0.1776,SEQUENTIAL,1
23:09:53,15.06,0.1777,SEQUENTIAL,1
23:09:54,33.96,0.1779,SEQUENTIAL,1
23:09:55,33.75,0.1778,SEQUENTIAL,1
23:09:57,5.24,0.1782,SEQUENTIAL,1
23:09:59,30.09,0.1786,SEQUENTIAL,1
23:10:00,5.67,0.1785,SEQUENTIAL,1
23:10:01,11.96,0.1786,SEQUENTIAL,1
23:10:02,36.94,0.1782,SEQUENTIAL,1
23:10:03,24.72,0.1785,SEQUENTIAL,1
23:10:04,15.00,0.1788,SEQUENTIAL,1
23:10:06,130.98,0.1789,SEQUENTIAL,1
23:10:07,20.45,0.1786,SEQUENTIAL,1
23:10:08,25.73,0.1790,SEQUENTIAL,1
23:10:10,25.30,0.1788,SEQUENTIAL,1
23:10:11,8.06,0.1788,SEQUENTIAL,1
23:10:12,12.09,0.1788,SEQUENTIAL,1
23:10:13,30.77,0.1787,SEQUENTIAL,1
23:10:14,20.24,0.1789,SEQUENTIAL,1
23:10:15,93.97,0.1786,SEQUENTIAL,1
23:10:16,45.24,0.1788,SEQUENTIAL,1
23:10:18,13.52,0.1787,SEQUENTIAL,1
23:10:19,26.67,0.1788,SEQUENTIAL,1
23:10:20,15.32,0.1792,SEQUENTIAL,1
23:10:22,3.10,0.1791,SEQUENTIAL,1
23:10:23,25.78,0.1791,SEQUENTIAL,1
23:10:24,163.86,0.1796,SEQUENTIAL,1
23:10:25,937.14,0.1785,SEQUENTIAL,1
23:10:26,904.37,0.1750,SEQUENTIAL,1
23:10:27,629.53,0.1721,SEQUENTIAL,1
23:10:29,6.31,0.1722,SEQUENTIAL,1
23:10:30,7.50,0.1722,SEQUENTIAL,1
23:10:31,15.70,0.1721,SEQUENTIAL,1
23:10:32,25.00,0.1719,SEQUENTIAL,1
23:10:33,7.73,0.1719,SEQUENTIAL,1
23:10:34,48.26,0.1717,SEQUENTIAL,1
23:10:35,39.65,0.1724,SEQUENTIAL,1
23:10:37,19.40,0.1723,SEQUENTIAL,1
23:10:38,16.65,0.1722,SEQUENTIAL,1
23:10:39,11.56,0.1723,SEQUENTIAL,1
23:10:41,5.75,0.1722,SEQUENTIAL,1
23:10:43,7.68,0.1721,SEQUENTIAL,1
23:10:44,30.09,0.1719,SEQUENTIAL,1
23:10:45,25.27,0.1717,SEQUENTIAL,1
23:10:47,3.36,0.1716,SEQUENTIAL,1
23:10:48,7.89,0.1717,SEQUENTIAL,1
23:10:49,9.96,0.1720,SEQUENTIAL,1
23:10:50,12.53,0.1721,SEQUENTIAL,1
23:10:51,17.73,0.1720,SEQUENTIAL,1
23:10:52,8.53,0.1719,SEQUENTIAL,1
23:10:54,2.43,0.1720,SEQUENTIAL,1
23:10:55,13.85,0.1724,SEQUENTIAL,1
23:10:56,4.90,0.1724,SEQUENTIAL,1
23:10:57,16.17,0.1726,SEQUENTIAL,1
23:10:58,19.69,0.1726,SEQUENTIAL,1
23:11:00,19.33,0.1730,SEQUENTIAL,1
23:11:01,534.65,0.1714,SEQUENTIAL,1
23:11:02,594.53,0.1706,SEQUENTIAL,1
23:11:03,313.22,0.1700,SEQUENTIAL,1
23:11:04,67.17,0.1696,SEQUENTIAL,1
23:11:05,38.89,0.1695,SEQUENTIAL,1
23:11:07,22.97,0.1694,SEQUENTIAL,1
23:11:09,10.73,0.1698,SEQUENTIAL,1
23:11:10,14.40,0.1700,SEQUENTIAL,1
23:11:11,55.84,0.1698,SEQUENTIAL,1
23:11:13,34.78,0.1698,SEQUENTIAL,1
23:11:14,230.78,0.1702,SEQUENTIAL,1
23:11:15,274.11,0.1701,SEQUENTIAL,1
23:11:16,188.58,0.1699,SEQUENTIAL,1
23:11:17,13.03,0.1700,SEQUENTIAL,1
23:11:19,10.29,0.1702,SEQUENTIAL,1
23:11:21,13.99,0.1702,SEQUENTIAL,1
23:11:22,1.54,0.1702,SEQUENTIAL,1
23:11:24,31.30,0.1701,SEQUENTIAL,1
23:11:25,15.82,0.1703,SEQUENTIAL,1
23:11:26,20.56,0.1701,SEQUENTIAL,1
23:11:27,16.14,0.1700,SEQUENTIAL,1
23:11:28,27.66,0.1702,SEQUENTIAL,1
23:11:30,12.95,0.1704,SEQUENTIAL,1
23:11:31,19.18,0.1705,SEQUENTIAL,1
23:11:33,7.48,0.1706,SEQUENTIAL,1
23:11:34,34.88,0.1705,SEQUENTIAL,1
23:11:35,32.17,0.1707,SEQUENTIAL,1
23:11:36,82.24,0.1705,SEQUENTIAL,1
23:11:38,15.27,0.1704,SEQUENTIAL,1
23:11:39,16.26,0.1706,SEQUENTIAL,1
23:11:40,6.26,0.1708,SEQUENTIAL,1
23:11:41,10.86,0.1707,SEQUENTIAL,1
23:11:43,2.37,0.1707,SEQUENTIAL,1
23:11:45,29.08,0.1710,SEQUENTIAL,1
23:11:46,39.27,0.1708,SEQUENTIAL,1
23:11:47,58.77,0.1712,SEQUENTIAL,1
23:11:48,169.99,0.1713,SEQUENTIAL,1
23:11:49,209.26,0.1723,SEQUENTIAL,1
23:11:50,77.05,0.1733,SEQUENTIAL,1
23:11:51,71.61,0.1733,SEQUENTIAL,1
23:11:52,35.65,0.1733,SEQUENTIAL,1
23:11:53,91.25,0.1728,SEQUENTIAL,1
23:11:54,19.05,0.1728,SEQUENTIAL,1
23:11:56,8.20,0.1728,SEQUENTIAL,1
23:11:57,6.44,0.1730,SEQUENTIAL,1
23:11:58,13.49,0.1729,SEQUENTIAL,1
23:12:00,0.76,0.1729,SEQUENTIAL,1
23:12:01,3.52,0.1729,SEQUENTIAL,1
23:12:03,2.37,0.1729,SEQUENTIAL,1
23:12:04,10.75,0.1731,SEQUENTIAL,1
23:12:05,15.00,0.1731,SEQUENTIAL,1
23:12:06,55.48,0.1730,SEQUENTIAL,1
23:12:08,14.23,0.1730,SEQUENTIAL,1
23:12:09,10.57,0.1729,SEQUENTIAL,1
23:12:10,16.01,0.1728,SEQUENTIAL,1
23:12:12,9.07,0.1730,SEQUENTIAL,1
23:12:13,199.01,0.1735,SEQUENTIAL,1
23:12:14,948.80,0.1734,SEQUENTIAL,1
23:12:15,928.63,0.1711,SEQUENTIAL,1
23:12:17,559.45,0.1700,SEQUENTIAL,1
23:12:18,15.28,0.1698,SEQUENTIAL,1
23:12:19,2.41,0.1698,SEQUENTIAL,1
23:12:21,3.37,0.1698,SEQUENTIAL,1
23:12:22,30.59,0.1698,SEQUENTIAL,1
23:12:23,26.08,0.1698,SEQUENTIAL,1
23:12:24,35.53,0.1701,SEQUENTIAL,1
23:12:26,2.31,0.1701,SEQUENTIAL,1
23:12:27,17.41,0.1701,SEQUENTIAL,1
23:12:29,1.75,0.1702,SEQUENTIAL,1
23:12:30,32.92,0.1705,SEQUENTIAL,1
23:12:31,28.48,0.1706,SEQUENTIAL,1
23:12:32,19.67,0.1706,SEQUENTIAL,1
23:12:33,13.99,0.1705,SEQUENTIAL,1
23:12:34,48.72,0.1708,SEQUENTIAL,1
23:12:35,36.99,0.1706,SEQUENTIAL,1
23:12:36,46.68,0.1706,SEQUENTIAL,1
23:12:38,26.34,0.1710,SEQUENTIAL,1
23:12:39,4.13,0.1710,SEQUENTIAL,1
23:12:40,23.24,0.1710,SEQUENTIAL,1
23:12:41,2.95,0.1710,SEQUENTIAL,1
23:12:42,15.57,0.1709,SEQUENTIAL,1
23:12:43,11.00,0.1710,SEQUENTIAL,1
23:12:44,882.91,0.1698,SEQUENTIAL,1
23:12:45,506.90,0.1695,SEQUENTIAL,1
23:12:46,259.02,0.1692,SEQUENTIAL,1
23:12:48,16.58,0.1694,SEQUENTIAL,1
23:12:49,4.31,0.1694,SEQUENTIAL,1
23:12:51,26.29,0.1698,SEQUENTIAL,1
23:12:52,8.16,0.1698,SEQUENTIAL,1
23:12:53,16.77,0.1698,SEQUENTIAL,1
23:12:54,30.03,0.1699,SEQUENTIAL,1
23:12:56,30.05,0.1699,SEQUENTIAL,1
23:12:57,31.22,0.1704,SEQUENTIAL,1
23:12:58,15.36,0.1702,SEQUENTIAL,1
23:12:59,4.66,0.1702,SEQUENTIAL,1
23:13:01,5.61,0.1702,SEQUENTIAL,1
23:13:02,5.93,0.1702,SEQUENTIAL,1
23:13:03,91.51,0.1703,SEQUENTIAL,1
23:13:05,36.66,0.1702,SEQUENTIAL,1
23:13:06,60.20,0.1702,SEQUENTIAL,1
23:13:07,38.53,0.1704,SEQUENTIAL,1
23:13:09,10.23,0.1703,SEQUENTIAL,1
23:13:11,12.26,0.1701,SEQUENTIAL,1
23:13:15,5.25,0.1702,SEQUENTIAL,1
23:13:16,2.87,0.1701,SEQUENTIAL,1
23:13:17,15.15,0.1700,SEQUENTIAL,1
23:13:18,56.54,0.1701,SEQUENTIAL,1
23:13:19,8.88,0.1701,SEQUENTIAL,1
23:13:20,8.00,0.1700,SEQUENTIAL,1
23:13:22,21.65,0.1702,SEQUENTIAL,1
23:13:23,25.19,0.1701,SEQUENTIAL,1
23:13:24,14.23,0.1700,SEQUENTIAL,1
23:13:25,29.19,0.1701,SEQUENTIAL,1
23:13:27,2.12,0.1701,SEQUENTIAL,1
23:13:29,12.92,0.1699,SEQUENTIAL,1
23:13:30,5.71,0.1700,SEQUENTIAL,1
23:13:31,19.95,0.1702,SEQUENTIAL,1
23:13:33,13.09,0.1702,SEQUENTIAL,1
23:13:34,14.41,0.1702,SEQUENTIAL,1
23:13:35,54.81,0.1702,SEQUENTIAL,1
23:13:36,39.19,0.1700,SEQUENTIAL,1
23:13:37,36.54,0.1699,SEQUENTIAL,1
23:13:39,23.68,0.1700,SEQUENTIAL,1
23:13:40,6.36,0.1700,SEQUENTIAL,1
23:13:43,5.84,0.1701,SEQUENTIAL,1
23:13:44,23.13,0.1701,SEQUENTIAL,1
23:13:46,10.44,0.1701,SEQUENTIAL,1
23:13:47,7.36,0.1702,SEQUENTIAL,1
23:13:49,48.21,0.1703,SEQUENTIAL,1
23:13:50,45.95,0.1702,SEQUENTIAL,1
23:13:51,7.85,0.1702,SEQUENTIAL,1
23:13:52,10.86,0.1702,SEQUENTIAL,1
23:13:53,16.69,0.1703,SEQUENTIAL,1
23:13:55,13.62,0.1704,SEQUENTIAL,1
23:13:56,25.63,0.1703,SEQUENTIAL,1
23:13:57,14.87,0.1704,SEQUENTIAL,1
23:13:58,14.89,0.1707,SEQUENTIAL,1
23:14:00,14.12,0.1706,SEQUENTIAL,1
23:14:01,2.68,0.1706,SEQUENTIAL,1
23:14:02,8.49,0.1708,SEQUENTIAL,1
23:14:03,18.69,0.1707,SEQUENTIAL,1
23:14:04,30.30,0.1706,SEQUENTIAL,1
23:14:05,29.74,0.1707,SEQUENTIAL,1
23:14:07,14.70,0.1706,SEQUENTIAL,1
23:14:08,7.85,0.1708,SEQUENTIAL,1
23:14:10,32.21,0.1710,SEQUENTIAL,1
23:14:11,7.95,0.1710,SEQUENTIAL,1
23:14:12,11.02,0.1710,SEQUENTIAL,1
23:14:13,34.58,0.1709,SEQUENTIAL,1
23:14:15,10.13,0.1709,SEQUENTIAL,1
23:14:16,10.49,0.1708,SEQUENTIAL,1
23:14:17,17.51,0.1710,SEQUENTIAL,1
23:14:19,9.01,0.1709,SEQUENTIAL,1
23:14:20,11.93,0.1709,SEQUENTIAL,1
23:14:21,1.93,0.1709,SEQUENTIAL,1
23:14:22,23.42,0.1708,SEQUENTIAL,1
23:14:23,13.78,0.1708,SEQUENTIAL,1
23:14:24,4.67,0.1708,SEQUENTIAL,1
23:14:26,9.69,0.1708,SEQUENTIAL,1
23:14:27,1.98,0.1708,SEQUENTIAL,1
23:14:28,21.71,0.1710,SEQUENTIAL,1
23:14:29,43.27,0.1709,SEQUENTIAL,1
23:14:30,14.99,0.1708,SEQUENTIAL,1
23:14:31,4.80,0.1708,SEQUENTIAL,1
23:14:32,4.79,0.1709,SEQUENTIAL,1
23:14:34,62.94,0.1708,SEQUENTIAL,1
23:14:35,25.76,0.1709,SEQUENTIAL,1
23:14:36,60.64,0.1710,SEQUENTIAL,1
23:14:37,22.95,0.1710,SEQUENTIAL,1
23:14:39,0.46,0.1710,SEQUENTIAL,1
19:55:52,0.33,4.0741,PARALLEL,8
19:55:53,2.95,2.2057,PARALLEL,8
19:55:54,33.29,0.4967,PARALLEL,8
19:55:56,3.76,0.5026,PARALLEL,8
19:55:57,83.92,0.4060,PARALLEL,8
19:55:58,61.97,0.5090,PARALLEL,8
19:55:59,8.98,0.5144,PARALLEL,8
19:56:00,7.15,0.5109,PARALLEL,8
19:56:01,4.87,0.4998,PARALLEL,8
19:56:02,8.78,0.4897,PARALLEL,8
19:56:04,37.47,0.4577,PARALLEL,8
19:56:05,79.64,0.4889,PARALLEL,8
19:56:06,29.82,0.4915,PARALLEL,8
19:56:08,4.81,0.4949,PARALLEL,8
19:56:10,18.08,0.4954,PARALLEL,8
19:56:11,26.29,0.4789,PARALLEL,8
19:56:13,5.00,0.4733,PARALLEL,8
19:56:14,9.69,0.4813,PARALLEL,8
19:56:15,11.50,0.4961,PARALLEL,8
19:56:16,1.71,0.4942,PARALLEL,8
19:56:18,20.05,0.5029,PARALLEL,8
19:56:20,6.23,0.5029,PARALLEL,8
19:56:21,1.32,0.5012,PARALLEL,8
20:06:56,0.29,0.6268,PARALLEL,8
20:06:58,4.69,0.8676,PARALLEL,8
20:06:59,30.57,0.9953,PARALLEL,8
20:07:00,41.72,0.8506,PARALLEL,8
20:07:01,189.66,0.4872,PARALLEL,8
20:07:02,133.34,0.4785,PARALLEL,8
20:07:04,12.41,0.4757,PARALLEL,8
20:07:05,4.74,0.4718,PARALLEL,8
20:07:06,11.13,0.4793,PARALLEL,8
20:07:07,7.41,0.4756,PARALLEL,8
20:07:09,5.06,0.4752,PARALLEL,8
20:07:11,4.63,0.4692,PARALLEL,8
20:07:12,3.16,0.4728,PARALLEL,8
20:07:13,7.35,0.4768,PARALLEL,8
20:07:14,2.47,0.4816,PARALLEL,8
20:07:15,12.67,0.4767,PARALLEL,8
20:07:17,47.49,0.4898,PARALLEL,8
20:07:19,10.25,0.5118,PARALLEL,8
20:07:21,3.05,0.5106,PARALLEL,8
20:07:24,2.57,0.5115,PARALLEL,8
20:07:25,2.65,0.5167,PARALLEL,8
20:07:26,7.32,0.5138,PARALLEL,8
20:07:28,1.28,0.5122,PARALLEL,8
20:07:29,9.73,0.5094,PARALLEL,8
20:07:30,22.42,0.5176,PARALLEL,8
20:07:31,13.75,0.5184,PARALLEL,8
20:07:33,7.45,0.5147,PARALLEL,8
20:07:43,0.20,0.5168,PARALLEL,8
20:07:44,45.57,0.5279,PARALLEL,8
20:07:45,22.08,0.5271,PARALLEL,8
20:07:46,53.92,0.5289,PARALLEL,8
20:07:48,18.99,0.5256,PARALLEL,8
20:07:49,14.01,0.5307,PARALLEL,8
20:07:51,11.99,0.5365,PARALLEL,8
20:07:52,25.71,0.5446,PARALLEL,8
20:07:53,13.74,0.5454,PARALLEL,8
20:07:54,5.90,0.5487,PARALLEL,8
20:07:56,17.69,0.5436,PARALLEL,8
20:07:59,3.78,0.5452,PARALLEL,8
20:08:01,31.34,0.5449,PARALLEL,8
20:08:02,6.84,0.5423,PARALLEL,8
20:08:04,13.87,0.5383,PARALLEL,8
20:08:05,8.82,0.5344,PARALLEL,8
20:08:06,3.58,0.5360,PARALLEL,8
20:08:09,10.53,0.5356,PARALLEL,8
20:08:11,4.40,0.5404,PARALLEL,8
21:58:19,0.17,0.0000,PARALLEL,8
21:58:21,8.09,0.2284,PARALLEL,8
21:58:22,1.17,0.2764,PARALLEL,8
21:58:24,8.66,0.5299,PARALLEL,8
21:58:25,37.55,0.9442,PARALLEL,8
21:58:26,22.14,0.8741,PARALLEL,8
21:58:27,29.47,0.7371,PARALLEL,8
21:58:28,24.56,0.7123,PARALLEL,8
21:58:29,11.29,0.6980,PARALLEL,8
21:58:31,5.04,0.6855,PARALLEL,8
21:58:32,30.51,0.6987,PARALLEL,8
21:58:33,18.98,0.7583,PARALLEL,8
21:58:34,16.80,0.7623,PARALLEL,8
21:59:26,0.14,1.0121,PARALLEL,8
21:59:27,68.78,0.8663,PARALLEL,8
21:59:28,17.61,0.7863,PARALLEL,8
21:59:29,5.79,0.7527,PARALLEL,8
21:59:30,4.55,0.7715,PARALLEL,8
21:59:31,38.54,0.7616,PARALLEL,8
21:59:33,17.41,0.7318,PARALLEL,8
21:59:34,8.23,0.7259,PARALLEL,8
21:59:35,6.83,0.7225,PARALLEL,8
21:59:36,0.93,0.7189,PARALLEL,8
21:59:38,2.09,0.7212,PARALLEL,8
21:59:40,10.19,0.7489,PARALLEL,8
21:59:41,4.46,0.7428,PARALLEL,8
21:59:42,6.93,0.7331,PARALLEL,8
21:59:44,5.48,0.7153,PARALLEL,8
21:59:45,35.54,0.6885,PARALLEL,8
21:59:46,25.62,0.6592,PARALLEL,8
21:59:47,2.51,0.6592,PARALLEL,8
21:59:50,5.42,0.6738,PARALLEL,8
21:59:51,4.43,0.6688,PARALLEL,8
21:59:53,16.50,0.6602,PARALLEL,8
21:59:54,4.02,0.6590,PARALLEL,8
21:59:56,2.20,0.6628,PARALLEL,8
21:59:57,38.78,0.7627,PARALLEL,8
21:59:58,99.73,1.3619,PARALLEL,8
21:59:59,56.69,1.4754,PARALLEL,8
22:00:00,79.91,1.4970,PARALLEL,8
22:00:01,113.05,1.4547,PARALLEL,8
22:00:02,105.81,1.4879,PARALLEL,8
22:00:03,46.90,1.4602,PARALLEL,8
22:00:04,54.69,1.6383,PARALLEL,8
22:00:05,53.95,1.7454,PARALLEL,8
22:00:06,167.98,1.7377,PARALLEL,8
22:00:07,174.88,1.6082,PARALLEL,8
22:00:08,22.69,1.5868,PARALLEL,8
22:00:10,4.08,1.5837,PARALLEL,8
22:00:11,14.61,1.5718,PARALLEL,8
22:00:12,12.79,1.5610,PARALLEL,8
22:00:13,13.58,1.5614,PARALLEL,8
22:00:14,6.00,1.5594,PARALLEL,8
22:00:15,14.25,1.5559,PARALLEL,8
22:00:16,14.35,1.5516,PARALLEL,8
22:00:18,3.22,1.5492,PARALLEL,8
22:00:19,6.02,1.5434,PARALLEL,8
22:00:20,3.87,1.5407,PARALLEL,8
22:00:22,6.55,1.5360,PARALLEL,8
22:01:18,0.35,2.4290,SEQUENTIAL,1
22:01:19,6.99,0.7193,SEQUENTIAL,1
22:01:20,28.09,0.5510,SEQUENTIAL,1
22:01:22,9.74,0.5943,SEQUENTIAL,1
22:01:24,0.86,0.5975,SEQUENTIAL,1
22:01:25,6.72,0.5898,SEQUENTIAL,1
22:01:26,1.83,0.5730,SEQUENTIAL,1
22:01:28,4.11,0.5776,SEQUENTIAL,1
22:01:29,11.52,0.5588,SEQUENTIAL,1
22:01:31,6.17,0.5386,SEQUENTIAL,1
22:01:32,42.54,0.5922,SEQUENTIAL,1
22:01:33,19.56,0.5828,SEQUENTIAL,1
22:01:34,17.30,0.5456,SEQUENTIAL,1
22:01:35,31.06,0.5376,SEQUENTIAL,1
22:01:37,15.80,0.5335,SEQUENTIAL,1
22:01:38,1.77,0.5291,SEQUENTIAL,1
22:01:39,2.18,0.5381,SEQUENTIAL,1
22:01:40,4.02,0.5423,SEQUENTIAL,1
22:01:41,9.87,0.5361,SEQUENTIAL,1
22:01:43,4.86,0.5470,SEQUENTIAL,1
22:01:45,5.32,0.5671,SEQUENTIAL,1
22:01:46,3.63,0.5589,SEQUENTIAL,1
22:01:47,9.06,0.5588,SEQUENTIAL,1
22:01:48,7.55,0.5403,SEQUENTIAL,1
22:01:50,9.74,0.5179,SEQUENTIAL,1
22:01:52,0.47,0.5163,SEQUENTIAL,1
22:01:54,6.78,0.5093,SEQUENTIAL,1
22:01:57,10.90,0.5022,SEQUENTIAL,1
22:01:59,4.00,0.4899,SEQUENTIAL,1
22:02:00,5.69,0.4849,SEQUENTIAL,1
22:02:01,1.86,0.4877,SEQUENTIAL,1
22:02:02,5.70,0.4788,SEQUENTIAL,1
22:02:04,11.03,0.4970,SEQUENTIAL,1
22:02:05,0.63,0.4958,SEQUENTIAL,1
22:02:07,0.70,0.4946,SEQUENTIAL,1
22:02:08,4.16,0.4873,SEQUENTIAL,1
22:02:10,4.03,0.5214,SEQUENTIAL,1
22:02:12,3.96,0.5392,SEQUENTIAL,1
22:02:13,6.87,0.5509,SEQUENTIAL,1
22:02:14,3.90,0.5516,SEQUENTIAL,1
22:02:15,9.15,0.5590,SEQUENTIAL,1
22:02:17,4.97,0.5886,SEQUENTIAL,1
22:02:19,0.64,0.5873,SEQUENTIAL,1
22:02:21,3.77,0.5912,SEQUENTIAL,1
22:02:22,47.06,0.6058,SEQUENTIAL,1
22:02:23,8.73,0.6151,SEQUENTIAL,1
22:02:24,1.94,0.6128,SEQUENTIAL,1
22:02:25,3.86,0.6119,SEQUENTIAL,1
22:02:26,8.35,0.6092,SEQUENTIAL,1
22:02:27,16.26,0.6086,SEQUENTIAL,1
22:02:29,3.60,0.6065,SEQUENTIAL,1
22:02:31,3.67,0.6238,SEQUENTIAL,1
22:02:32,6.82,0.6294,SEQUENTIAL,1
22:02:34,2.22,0.6324,SEQUENTIAL,1
22:02:36,1.09,0.6302,SEQUENTIAL,1
22:02:37,18.74,0.6302,SEQUENTIAL,1
22:02:38,9.13,0.6371,SEQUENTIAL,1
22:02:39,10.98,0.6292,SEQUENTIAL,1
22:02:40,24.68,0.6276,SEQUENTIAL,1
22:02:41,19.05,0.6382,SEQUENTIAL,1
22:02:44,3.31,0.6459,SEQUENTIAL,1
22:02:49,1.86,0.6465,SEQUENTIAL,1
22:02:50,11.46,0.6631,SEQUENTIAL,1
22:03:34,0.37,2.7990,SEQUENTIAL,1
22:03:35,57.76,0.9904,SEQUENTIAL,1
22:03:36,168.47,0.8919,SEQUENTIAL,1
22:03:37,119.97,0.7874,SEQUENTIAL,1
22:03:39,53.19,0.7707,SEQUENTIAL,1
22:03:40,6.81,0.7628,SEQUENTIAL,1
22:03:42,4.15,0.7574,SEQUENTIAL,1
22:03:43,28.98,0.7438,SEQUENTIAL,1
22:03:44,10.33,0.7341,SEQUENTIAL,1
22:03:46,7.83,0.7233,SEQUENTIAL,1
22:03:47,2.50,0.7279,SEQUENTIAL,1
22:03:49,2.70,0.7254,SEQUENTIAL,1
22:03:51,5.15,0.7229,SEQUENTIAL,1
22:03:52,1.33,0.7328,SEQUENTIAL,1
22:04:13,0.20,2.9855,PARALLEL,8
22:04:14,3.43,1.7333,PARALLEL,8
22:04:19,4.85,1.0233,PARALLEL,8
22:04:20,23.95,0.9655,PARALLEL,8
22:04:22,0.50,0.9497,PARALLEL,8
22:04:24,5.70,0.9359,PARALLEL,8
22:04:26,6.37,0.9080,PARALLEL,8
22:04:27,5.02,0.8652,PARALLEL,8
22:04:29,0.55,0.8554,PARALLEL,8
22:04:33,8.80,0.8543,PARALLEL,8
22:04:34,2.85,0.8470,PARALLEL,8
22:04:35,22.29,0.8489,PARALLEL,8
22:04:37,19.58,0.7690,PARALLEL,8
22:04:38,8.36,0.7572,PARALLEL,8
22:04:39,2.67,0.7610,PARALLEL,8
22:04:41,7.93,0.7568,PARALLEL,8
22:04:44,0.40,0.7532,PARALLEL,8
22:04:45,47.29,0.7393,PARALLEL,8
22:04:47,10.22,0.7341,PARALLEL,8
22:04:49,3.25,0.7310,PARALLEL,8
22:04:50,5.63,0.7252,PARALLEL,8
22:04:51,5.44,0.7232,PARALLEL,8
22:04:53,3.35,0.7204,PARALLEL,8
22:04:54,1.12,0.7158,PARALLEL,8
